[
  {
    "sale_id": "7",
    "customer_name": "test Fanzen",
    "customer_mail": "test.fanzen@no-reply.rexx-systems.com",
    "product_id": 1,
    "product_name": "test: Improving the Design of Existing Code",
    "product_price": "49.99",
    "sale_date": "2019-04-02 08:05:12"
  },
  {
    "sale_id": "8",
    "customer_name": "Lgan Fanzen",
    "customer_mail": "Logan.fanzen@no-reply.rexx-systems.com",
    "product_id": 2,
    "product_name": "Logan Architecture: A Craftsman's Guide to Software Structure and Design",
    "product_price": "24.99",
    "sale_date": "2019-05-01 11:07:18"
  }
]
